{"stats":{"minecraft:picked_up":{"minecraft:birch_log":8,"minecraft:crafting_table":7,"minecraft:birch_planks":7,"minecraft:flint":1,"minecraft:oak_log":21,"minecraft:gunpowder":1,"minecraft:stripped_birch_log":3,"minecraft:dirt":50,"minecraft:string":1,"minecraft:cooked_mutton":1,"minecraft:wheat_seeds":1,"minecraft:cobbled_deepslate":19,"minecraft:iron_ingot":7,"minecraft:light_gray_wool":2,"minecraft:oak_planks":41,"minecraft:furnace":4,"minecraft:raw_iron":28,"minecraft:cooked_porkchop":5,"minecraft:acacia_log":8,"minecraft:gravel":2,"minecraft:porkchop":7,"minecraft:diorite":12,"minecraft:white_bed":1,"minecraft:redstone":43,"minecraft:spider_eye":1,"minecraft:rotten_flesh":3,"minecraft:diamond":5,"minecraft:granite":3,"minecraft:armadillo_scute":1,"minecraft:oak_sapling":1,"minecraft:black_wool":2,"minecraft:mutton":41,"minecraft:coal":3,"minecraft:white_wool":8,"minecraft:cobblestone":72},"minecraft:used":{"minecraft:cooked_mutton":4,"minecraft:water_bucket":2,"minecraft:flint_and_steel":1,"minecraft:stone_shovel":17,"minecraft:stone_pickaxe":118,"minecraft:wooden_pickaxe":20,"minecraft:shield":1,"minecraft:rotten_flesh":1,"minecraft:white_wool":2,"minecraft:dirt":41,"minecraft:crafting_table":8,"minecraft:white_bed":1,"minecraft:granite":1,"minecraft:lava_bucket":16,"minecraft:iron_pickaxe":27,"minecraft:stone_axe":71,"minecraft:light_gray_wool":2,"minecraft:cobblestone":20,"minecraft:furnace":5,"minecraft:cooked_porkchop":2,"minecraft:bucket":19,"minecraft:birch_log":5,"minecraft:cobbled_deepslate":18},"minecraft:custom":{"minecraft:interact_with_furnace":19,"minecraft:mob_kills":18,"minecraft:interact_with_crafting_table":29,"minecraft:leave_game":5,"minecraft:time_since_death":12172,"minecraft:time_since_rest":12205,"minecraft:sprint_one_cm":126027,"minecraft:damage_taken":1004,"minecraft:walk_one_cm":101234,"minecraft:damage_blocked_by_shield":21,"minecraft:drop":20,"minecraft:damage_dealt":2286,"minecraft:swim_one_cm":3999,"minecraft:fly_one_cm":125120,"minecraft:crouch_one_cm":5027,"minecraft:play_time":44246,"minecraft:deaths":2,"minecraft:sneak_time":1939,"minecraft:walk_under_water_one_cm":4728,"minecraft:jump":920,"minecraft:walk_on_water_one_cm":3904,"minecraft:total_world_time":44246,"minecraft:fall_one_cm":22644},"minecraft:crafted":{"minecraft:oak_planks":84,"minecraft:stone_shovel":1,"minecraft:crafting_table":3,"minecraft:wooden_pickaxe":2,"minecraft:furnace":3,"minecraft:bucket":2,"minecraft:birch_planks":12,"minecraft:stone_axe":2,"minecraft:cooked_mutton":13,"minecraft:air":0,"minecraft:flint_and_steel":1,"minecraft:shield":1,"minecraft:stick":16,"minecraft:iron_ingot":21,"minecraft:iron_pickaxe":1,"minecraft:stone_pickaxe":2,"minecraft:white_bed":2},"minecraft:mined":{"minecraft:deepslate_redstone_ore":8,"minecraft:white_bed":1,"minecraft:deepslate_diamond_ore":5,"minecraft:stripped_birch_log":3,"minecraft:crafting_table":7,"minecraft:granite":3,"minecraft:short_grass":6,"minecraft:acacia_log":8,"minecraft:grass_block":20,"minecraft:tall_grass":1,"minecraft:cobblestone":2,"minecraft:diorite":12,"minecraft:redstone_ore":2,"minecraft:furnace":4,"minecraft:birch_log":5,"minecraft:iron_ore":28,"minecraft:cobbled_deepslate":2,"minecraft:coal_ore":3,"minecraft:oak_log":21,"minecraft:gravel":3,"minecraft:dirt":31,"minecraft:stone":71,"minecraft:white_wool":2,"minecraft:oak_leaves":12,"minecraft:deepslate":18},"minecraft:dropped":{"minecraft:porkchop":2,"minecraft:mutton":14,"minecraft:oak_sapling":1,"minecraft:wooden_pickaxe":1,"minecraft:birch_log":3},"minecraft:killed":{"minecraft:pig":3,"minecraft:spider":2,"minecraft:creeper":1,"minecraft:sheep":10,"minecraft:zombie":2},"minecraft:killed_by":{"minecraft:skeleton":1,"minecraft:zombie":1}},"DataVersion":3955}