{"stats":{"minecraft:picked_up":{"minecraft:birch_log":8,"minecraft:crafting_table":6,"minecraft:birch_planks":7,"minecraft:oak_log":15,"minecraft:gunpowder":1,"minecraft:stripped_birch_log":3,"minecraft:dirt":18,"minecraft:string":1,"minecraft:cooked_mutton":1,"minecraft:wheat_seeds":1,"minecraft:cobbled_deepslate":19,"minecraft:iron_ingot":7,"minecraft:light_gray_wool":2,"minecraft:oak_planks":41,"minecraft:furnace":4,"minecraft:raw_iron":21,"minecraft:cooked_porkchop":5,"minecraft:acacia_log":8,"minecraft:porkchop":7,"minecraft:diorite":12,"minecraft:white_bed":1,"minecraft:redstone":43,"minecraft:spider_eye":1,"minecraft:rotten_flesh":2,"minecraft:diamond":5,"minecraft:granite":1,"minecraft:armadillo_scute":1,"minecraft:oak_sapling":1,"minecraft:black_wool":2,"minecraft:mutton":41,"minecraft:white_wool":8,"minecraft:cobblestone":42},"minecraft:used":{"minecraft:cooked_mutton":4,"minecraft:stone_pickaxe":82,"minecraft:wooden_pickaxe":11,"minecraft:shield":1,"minecraft:white_wool":2,"minecraft:dirt":17,"minecraft:crafting_table":6,"minecraft:white_bed":1,"minecraft:iron_pickaxe":27,"minecraft:stone_axe":66,"minecraft:light_gray_wool":2,"minecraft:cobblestone":20,"minecraft:furnace":4,"minecraft:cooked_porkchop":2,"minecraft:bucket":1,"minecraft:birch_log":5,"minecraft:cobbled_deepslate":18},"minecraft:custom":{"minecraft:interact_with_furnace":15,"minecraft:mob_kills":17,"minecraft:interact_with_crafting_table":15,"minecraft:leave_game":4,"minecraft:time_since_death":1550,"minecraft:time_since_rest":1604,"minecraft:sprint_one_cm":87596,"minecraft:damage_taken":789,"minecraft:walk_one_cm":64954,"minecraft:damage_blocked_by_shield":21,"minecraft:drop":19,"minecraft:damage_dealt":1995,"minecraft:swim_one_cm":1995,"minecraft:fly_one_cm":89216,"minecraft:crouch_one_cm":3879,"minecraft:play_time":31831,"minecraft:deaths":1,"minecraft:sneak_time":1472,"minecraft:walk_under_water_one_cm":4712,"minecraft:jump":593,"minecraft:walk_on_water_one_cm":2752,"minecraft:total_world_time":31831,"minecraft:fall_one_cm":17657},"minecraft:crafted":{"minecraft:oak_planks":60,"minecraft:crafting_table":2,"minecraft:wooden_pickaxe":1,"minecraft:furnace":2,"minecraft:bucket":1,"minecraft:birch_planks":12,"minecraft:stone_axe":1,"minecraft:cooked_mutton":13,"minecraft:air":0,"minecraft:shield":1,"minecraft:stick":8,"minecraft:iron_ingot":14,"minecraft:iron_pickaxe":1,"minecraft:stone_pickaxe":1,"minecraft:white_bed":2},"minecraft:mined":{"minecraft:deepslate_redstone_ore":8,"minecraft:white_bed":1,"minecraft:deepslate_diamond_ore":5,"minecraft:stripped_birch_log":3,"minecraft:crafting_table":6,"minecraft:granite":1,"minecraft:short_grass":6,"minecraft:acacia_log":8,"minecraft:grass_block":9,"minecraft:tall_grass":1,"minecraft:cobblestone":2,"minecraft:diorite":12,"minecraft:redstone_ore":2,"minecraft:furnace":4,"minecraft:birch_log":5,"minecraft:iron_ore":21,"minecraft:cobbled_deepslate":2,"minecraft:oak_log":15,"minecraft:dirt":9,"minecraft:stone":41,"minecraft:white_wool":2,"minecraft:oak_leaves":11,"minecraft:deepslate":18},"minecraft:dropped":{"minecraft:porkchop":2,"minecraft:mutton":14,"minecraft:oak_sapling":1,"minecraft:birch_log":3},"minecraft:killed":{"minecraft:pig":3,"minecraft:spider":2,"minecraft:creeper":1,"minecraft:sheep":10,"minecraft:zombie":1},"minecraft:killed_by":{"minecraft:zombie":1}},"DataVersion":3955}